Batch,Epoch,LR,MSE,RMSE
100,3,0.001,195031.7234375,441.2257507324219
