Batch,Epoch,LR,MSE,RMSE
30,50,0.001,366.93838169797056,17.749703755332725
