Batch,Epoch,LR,MSE,RMSE
30,50,0.001,100000,15.022801745742846
30,50,0.001,100000,14.879200838769748
30,50,0.001,100000,14.86856104399997
